Symbol,Name,Price (Intraday),Change,% Change,Market Cap,Volume in Currency (Since 0:00 UTC),Volume in Currency (24Hr),Total Volume All Currencies (24Hr),Circulating Supply
USDD-USD,USDD USD,0.994203,+0.001660,+0.17%,721.128M,12.169M,12.169M,12.169M,725.332M
WBNB-USD,Wrapped BNB USD,305.69,+5.02,+1.67%,692.388M,95.793M,95.793M,95.793M,2.265M
MANTA-USD,Manta Network USD,2.7383,-0.2157,-7.30%,687.311M,222.998M,222.998M,222.998M,251M
KLAY-USD,Klaytn USD,0.193363,-0.002010,-1.03%,674.39M,8.332M,8.332M,8.332M,3.488B
BONK-USD,Bonk USD,0.000010,-0.000000,-0.82%,655.878M,39.631M,39.631M,39.631M,63.334T
LUNC-USD,Terra Classic USD,0.000112,+0.000018,+18.61%,649.806M,238.769M,238.769M,238.769M,5.781T
FRAX-USD,Frax USD,0.998323,+0.000124,+0.01%,648.373M,4.874M,4.874M,4.874M,649.462M
CAKE-USD,PancakeSwap USD,2.4708,+0.0535,+2.21%,629.377M,59.307M,59.307M,59.307M,254.726M
AKT-USD,Akash Network USD,2.7352,-0.0597,-2.14%,620.745M,2.558M,2.558M,2.558M,226.948M
WOO-USD,WOO USD,0.339827,-0.004686,-1.36%,619.566M,6.697M,6.697M,6.697M,1.823B
MSOL-USD,Marinade Staked SOL USD,113.42,-0.62,-0.55%,607.998M,9.827M,9.827M,9.827M,5.361M
VBNB-USD,Venus BNB USD,7.2047,+0.1221,+1.72%,607.553M,369.001M,369.001M,369.001M,84.327M
XDC-USD,XDC Network USD,0.043362,+0.000107,+0.25%,602.562M,21.379M,21.379M,21.379M,13.896B
GALA-USD,Gala USD,0.021481,-0.000332,-1.52%,597.178M,26.154M,26.154M,26.154M,27.8B
XEC-USD,eCash USD,0.000030,-0.000000,-1.54%,595.142M,3.707M,3.707M,3.707M,19.626T
FTT-USD,FTX Token USD,1.7334,-0.1330,-7.13%,570.104M,24.33M,24.33M,24.33M,328.895M
GNO-USD,Gnosis USD,216.86,+0.85,+0.39%,561.578M,6.005M,6.005M,6.005M,2.59M
AR-USD,Arweave USD,8.5521,+0.0282,+0.33%,559.77M,7.155M,7.155M,7.155M,65.454M
RPL-USD,Rocket Pool USD,27.59,+0.03,+0.12%,553.631M,3.527M,3.527M,3.527M,20.066M
ENS-USD,Ethereum Name Service USD,17.90,+0.39,+2.24%,550.663M,30.978M,30.978M,30.978M,30.756M
APE18876-USD,ApeCoin USD,1.3791,-0.0297,-2.11%,508.335M,29.266M,29.266M,29.266M,368.594M
SC-USD,Siacoin USD,0.008979,+0.000443,+5.19%,505.285M,26.454M,26.454M,26.454M,56.275B
XAUT-USD,Tether Gold USD,"2,038.28",-1.38,-0.07%,502.486M,2.227M,2.227M,2.227M,"246,524"
AXL17799-USD,Axelar USD,0.895175,-0.021448,-2.34%,497.967M,2.43M,2.43M,2.43M,556.279M
CRV-USD,Curve DAO Token USD,0.450956,-0.022458,-4.74%,495.396M,58.755M,58.755M,58.755M,1.099B
NEXO-USD,Nexo USD,0.879399,-0.011974,-1.34%,492.463M,2.06M,2.06M,2.06M,560M
CBETH-USD,Coinbase Wrapped Staked ETH USD,"2,440.79",-3.08,-0.13%,477.593M,4.675M,4.675M,4.675M,"195,671"
HT-USD,Huobi Token USD,2.9140,+0.1540,+5.58%,472.754M,5.333M,5.333M,5.333M,162.234M
TWT-USD,Trust Wallet Token USD,1.1185,-0.0013,-0.12%,466.033M,7.441M,7.441M,7.441M,416.65M
RLB-USD,Rollbit Coin USD,0.140402,-0.001200,-0.85%,462.898M,2.908M,2.908M,2.908M,3.297B
GT-USD,GateToken USD,4.7811,+0.0172,+0.36%,461.338M,1.015M,1.015M,1.015M,96.491M
1INCH-USD,1inch Network USD,0.398009,-0.006150,-1.52%,454.204M,20.986M,20.986M,20.986M,1.141B
FET-USD,Fetch.ai USD,0.541515,-0.016315,-2.92%,450.357M,35.671M,35.671M,35.671M,831.66M
FTN-USD,Fasttoken USD,1.4687,+0.0006,+0.04%,447.732M,5.642M,5.642M,5.642M,304.85M
COMP5692-USD,Compound USD,54.11,-1.35,-2.44%,436.702M,25.879M,25.879M,25.879M,8.071M
LUNA20314-USD,Terra USD,0.653688,+0.042857,+7.02%,424.916M,102.361M,102.361M,102.361M,650.03M
STRD-USD,Stride USD,4.7994,+0.3000,+6.67%,421.513M,"613,458","613,458","613,458",87.826M
CORE23254-USD,Core USD,0.483905,+0.003590,+0.75%,418.049M,6.893M,6.893M,6.893M,863.907M
GMT18069-USD,GMT USD,0.250293,-0.003243,-1.28%,417.063M,15.798M,15.798M,15.798M,1.666B
PAXG-USD,PAX Gold USD,"2,018.90",-6.44,-0.32%,416.186M,2.985M,2.985M,2.985M,"206,145"
CSPR-USD,Casper USD,0.034984,-0.001114,-3.09%,411.776M,3.876M,3.876M,3.876M,11.77B
NFT9816-USD,APENFT USD,0.00000041,+0.00000000,+0.95%,409.927M,17.535M,17.535M,17.535M,990.106T
XRD-USD,Radix USD,0.039398,-0.000570,-1.43%,408.368M,1.818M,1.818M,1.818M,10.365B
GMX11857-USD,GMX USD,42.71,-0.52,-1.21%,402.183M,8.295M,8.295M,8.295M,9.416M
ELF-USD,aelf USD,0.558349,-0.001596,-0.29%,399.173M,4.006M,4.006M,4.006M,714.916M
BTG-USD,Bitcoin Gold USD,22.71,-0.45,-1.92%,397.73M,3.482M,3.482M,3.482M,17.514M
METIS-USD,Metis USD,75.17,-0.87,-1.14%,394.691M,13.751M,13.751M,13.751M,5.251M
ENJ-USD,Enjin Coin USD,0.278711,-0.006870,-2.41%,384.577M,8.735M,8.735M,8.735M,1.38B
PEPE24478-USD,Pepe USD,0.00000091,-0.00000002,-2.06%,381.861M,39.357M,39.357M,39.357M,420.69T
IOTX-USD,IoTeX USD,0.040334,-0.000731,-1.78%,380.812M,4.556M,4.556M,4.556M,9.441B
KUJI-USD,Kujira USD,3.1007,-0.0962,-3.01%,379.371M,"789,068","789,068","789,068",122.35M
GAS-USD,Gas USD,5.6613,-0.0230,-0.40%,375.532M,10.677M,10.677M,10.677M,66.333M
SKL-USD,SKALE USD,0.071758,-0.000665,-0.92%,370.035M,14.893M,14.893M,14.893M,5.157B
WKAVA-USD,Wrapped Kava USD,0.730829,0.000000,0.00%,363.711M,"3,462","3,462","3,462",497.669M
CELO-USD,Celo USD,0.678007,+0.014673,+2.21%,357.905M,8.824M,8.824M,8.824M,527.878M
ZEC-USD,Zcash USD,21.77,-0.29,-1.33%,355.414M,39.26M,39.26M,39.26M,16.328M
USDP-USD,Pax Dollar USD,0.999885,+0.000114,+0.01%,352.811M,"612,317","612,317","612,317",352.851M
POKT-USD,Pocket Network USD,0.229368,+0.003274,+1.45%,348.987M,1.775M,1.775M,1.775M,1.522B
ZIL-USD,Zilliqa USD,0.020030,-0.000055,-0.27%,347.959M,8.424M,8.424M,8.424M,17.372B
MAGIC14783-USD,Treasure USD,1.3322,-0.0051,-0.38%,344.865M,80.335M,80.335M,80.335M,258.865M
ALT29073-USD,Altlayer USD,0.311726,-0.018162,-5.51%,342.899M,146.188M,146.188M,146.188M,1.1B
AGIX-USD,SingularityNET USD,0.273661,-0.005815,-2.08%,342.827M,24.632M,24.632M,24.632M,1.253B
ORBR-USD,Orbler USD,0.324305,+0.009872,+3.14%,329.36M,"280,437","280,437","280,437",1.016B
UMA-USD,UMA USD,4.1859,-0.2418,-5.46%,327.486M,43.319M,43.319M,43.319M,78.235M
BAT-USD,Basic Attention Token USD,0.217779,-0.000599,-0.27%,324.58M,9.967M,9.967M,9.967M,1.49B
KSM-USD,Kusama USD,38.06,-0.36,-0.94%,322.394M,10.05M,10.05M,10.05M,8.47M
HOT2682-USD,Holo USD,0.001856,-0.000025,-1.34%,320.778M,8.082M,8.082M,8.082M,172.836B
MASK8536-USD,Mask Network USD,3.3265,-0.0479,-1.42%,319.429M,47.381M,47.381M,47.381M,96.025M
DASH-USD,Dash USD,27.21,-0.34,-1.23%,317.148M,31.466M,31.466M,31.466M,11.656M
XEM-USD,NEM USD,0.035182,-0.000442,-1.24%,316.637M,5.293M,5.293M,5.293M,9B
LRC-USD,Loopring USD,0.228020,-0.003481,-1.50%,311.623M,8.163M,8.163M,8.163M,1.367B
DESO-USD,Decentralized Social USD,34.04,-2.67,-7.27%,302.469M,2.015M,2.015M,2.015M,8.885M
QTUM-USD,Qtum USD,2.8728,-0.0192,-0.66%,300.939M,27.214M,27.214M,27.214M,104.756M
PYUSD-USD,PayPal USD USD,0.999102,+0.000067,+0.01%,300.905M,4.812M,4.812M,4.812M,301.175M
AZERO-USD,Aleph Zero USD,1.1215,-0.0066,-0.58%,299.184M,4.194M,4.194M,4.194M,266.779M
HBTC-USD,Huobi BTC USD,"33,312.62",-356.26,-1.06%,298.797M,"9,255","9,255","9,255","8,969"
XCH-USD,Chia USD,30.47,-0.55,-1.76%,298.338M,3.363M,3.363M,3.363M,9.791M
ONDO-USD,Ondo USD,0.212247,+0.002497,+1.19%,293.408M,67.519M,67.519M,67.519M,1.382B
NTRN26680-USD,Neutron USD,1.0488,-0.0364,-3.36%,292.382M,7.87M,7.87M,7.87M,278.764M
SSV-USD,ssv.network USD,29.19,-0.44,-1.49%,291.859M,8.787M,8.787M,8.787M,10M
TRB-USD,Tellor USD,112.69,-0.55,-0.48%,287.327M,29.026M,29.026M,29.026M,2.55M
GLMR-USD,Moonbeam USD,0.347366,-0.003963,-1.13%,287.183M,3.064M,3.064M,3.064M,826.746M
SUPER8290-USD,SuperVerse USD,0.582452,-0.010387,-1.75%,284.106M,6.231M,6.231M,6.231M,487.776M
SFP-USD,SafePal USD,0.667730,-0.003879,-0.58%,281.003M,2.206M,2.206M,2.206M,420.833M
ETHW-USD,EthereumPoW USD,2.6014,-0.0195,-0.74%,280.477M,5.106M,5.106M,5.106M,107.819M
MX-USD,MX TOKEN USD,2.8258,-0.0050,-0.18%,279.642M,1.7M,1.7M,1.7M,98.959M
WLD-USD,Worldcoin USD,2.2416,-0.0717,-3.10%,278.288M,42.793M,42.793M,42.793M,124.149M
ILV-USD,Illuvium USD,73.37,-0.43,-0.59%,276.402M,4.694M,4.694M,4.694M,3.767M
API3-USD,API3 USD,3.1751,-0.0996,-3.04%,274.399M,65.268M,65.268M,65.268M,86.422M
CVX-USD,Convex Finance USD,2.9175,-0.0553,-1.86%,272.36M,20.805M,20.805M,20.805M,93.354M
TRAC-USD,OriginTrail USD,0.667881,-0.022858,-3.31%,268.705M,1.478M,1.478M,1.478M,402.324M
ZRX-USD,0x Protocol USD,0.316293,-0.000487,-0.15%,268.057M,8.384M,8.384M,8.384M,847.496M
TFUEL-USD,Theta Fuel USD,0.041579,-0.000156,-0.37%,267.676M,1.652M,1.652M,1.652M,6.438B
BDX-USD,Beldex USD,0.043130,-0.000005,-0.01%,267.279M,2.378M,2.378M,2.378M,6.197B
RAY-USD,Raydium USD,1.0431,-0.0182,-1.72%,266.432M,8.777M,8.777M,8.777M,255.422M
FLOKI-USD,FLOKI USD,0.000028,-0.000000,-0.99%,265.091M,7.108M,7.108M,7.108M,9.562T
JASMY-USD,JasmyCoin USD,0.005327,+0.000030,+0.56%,262.603M,119.113M,119.113M,119.113M,49.3B
BAND-USD,Band Protocol USD,1.8944,+0.0513,+2.78%,262.669M,10.324M,10.324M,10.324M,138.652M
LYX-USD,LUKSO USD,8.6080,-0.1238,-1.42%,262.852M,"206,739","206,739","206,739",30.536M
JST-USD,JUST USD,0.029251,+0.000155,+0.53%,260.394M,22.937M,22.937M,22.937M,8.902B
ADF-USD,Art de Finance USD,2.1157,+0.0626,+3.05%,257.345M,1.403M,1.403M,1.403M,121.636M
STORJ-USD,Storj USD,0.639479,+0.000937,+0.15%,257.152M,14.844M,14.844M,14.844M,402.127M
KDA-USD,Kadena USD,0.967877,-0.027662,-2.78%,254.211M,3.016M,3.016M,3.016M,262.648M
ANT-USD,Aragon USD,5.8283,-0.0253,-0.43%,251.663M,4.903M,4.903M,4.903M,43.179M
SUSHI-USD,SushiSwap USD,1.0680,-0.0270,-2.47%,247.812M,18.228M,18.228M,18.228M,232.03M
DCR-USD,Decred USD,15.32,-0.30,-1.90%,242.507M,1.263M,1.263M,1.263M,15.831M
RVN-USD,Ravencoin USD,0.017980,-0.000088,-0.49%,242.403M,4.145M,4.145M,4.145M,13.482B
T-USD,Threshold USD,0.025084,-0.000090,-0.36%,240.603M,6.508M,6.508M,6.508M,9.592B
ANKR-USD,Ankr USD,0.023976,-0.000138,-0.57%,239.76M,12.473M,12.473M,12.473M,10B
YFI-USD,yearn.finance USD,"7,134.97",-66.76,-0.93%,238.408M,9.114M,9.114M,9.114M,"33,414"
CFG-USD,Centrifuge USD,0.503412,-0.002464,-0.49%,237.308M,"883,209","883,209","883,209",471.399M
MEME28301-USD,Memecoin USD,0.022896,+0.000923,+4.20%,236.717M,30.104M,30.104M,30.104M,10.339B
WAVES-USD,Waves USD,2.0794,+0.0039,+0.19%,236.478M,20.18M,20.18M,20.18M,113.725M
USTC-USD,TerraClassicUSD USD,0.026274,+0.002224,+9.25%,235.67M,43.692M,43.692M,43.692M,8.97B
OCEAN-USD,Ocean Protocol USD,0.413462,-0.008117,-1.93%,235.004M,16.884M,16.884M,16.884M,568.381M
LCX-USD,LCX USD,0.298548,+0.017329,+6.16%,230.355M,6.392M,6.392M,6.392M,771.585M
PRIME23711-USD,Echelon Prime USD,8.4314,-0.1932,-2.24%,221.508M,1.262M,1.262M,1.262M,26.272M
WIF-USD,dogwifhat USD,0.221482,-0.025263,-10.24%,221.243M,35.379M,35.379M,35.379M,998.92M
LPT-USD,Livepeer USD,7.1984,-0.0233,-0.32%,221.099M,13.332M,13.332M,13.332M,30.715M
XAI28933-USD,Xai USD,0.796667,+0.040548,+5.36%,220.771M,96.143M,96.143M,96.143M,277.118M
JTO-USD,Jito USD,1.8829,-0.0349,-1.82%,220.666M,21.798M,21.798M,21.798M,117.197M
RBN-USD,Ribbon Finance USD,0.407822,-0.007224,-1.74%,219.039M,"604,269","604,269","604,269",537.093M
BICO-USD,Biconomy USD,0.342684,-0.003901,-1.13%,217.55M,2.18M,2.18M,2.18M,634.842M
AUDIO-USD,Audius USD,0.181902,-0.001209,-0.66%,217.534M,2.992M,2.992M,2.992M,1.196B
CHR-USD,Chromia USD,0.273658,+0.009523,+3.61%,215.488M,7.583M,7.583M,7.583M,787.434M
ICX-USD,ICON USD,0.216681,-0.004092,-1.85%,212.105M,2.777M,2.777M,2.777M,978.885M
WE20456-USD,WeBuy USD,0.579417,-0.007941,-1.35%,209.767M,"337,774","337,774","337,774",362.031M
MOBILE-USD,Helium Mobile USD,0.002515,-0.000257,-9.28%,206.736M,1.61M,1.61M,1.61M,82.191B
FNSA-USD,FINSCHIA USD,27.03,-1.32,-4.67%,204.521M,"835,766","835,766","835,766",7.567M
GLM-USD,Golem USD,0.203292,-0.002788,-1.35%,203.292M,3.295M,3.295M,3.295M,1B
LSD28047-USD,L7 USD,4.9919,-0.0913,-1.80%,204.375M,"860,422","860,422","860,422",40.942M
CKB-USD,Nervos Network USD,0.004626,+0.000261,+5.97%,201.1M,19.013M,19.013M,19.013M,43.469B
OAS-USD,Oasys USD,0.101341,-0.000452,-0.44%,199.144M,"896,254","896,254","896,254",1.965B
ONT-USD,Ontology USD,0.226737,-0.002779,-1.21%,198.451M,4.246M,4.246M,4.246M,875.25M
BAL-USD,Balancer USD,3.5699,-0.0632,-1.74%,195.557M,4.938M,4.938M,4.938M,54.779M
BTRST-USD,Braintrust USD,0.869246,-0.029032,-3.23%,194.949M,"986,457","986,457","986,457",224.274M
ONE3945-USD,Harmony USD,0.014139,-0.000143,-1.00%,194.953M,3.345M,3.345M,3.345M,13.789B
FLUX-USD,Flux USD,0.566882,-0.010964,-1.90%,193.251M,5.478M,5.478M,5.478M,340.902M
MOVR-USD,Moonriver USD,21.88,-0.27,-1.20%,191.293M,11.097M,11.097M,11.097M,8.743M
ASM-USD,Assemble Protocol USD,0.138992,-0.000062,-0.04%,189.561M,5.205M,5.205M,5.205M,1.364B
WAXP-USD,WAX USD,0.054578,-0.000578,-1.05%,185.884M,3.701M,3.701M,3.701M,3.406B
CTSI-USD,Cartesi USD,0.238971,-0.005019,-2.06%,185.471M,6.848M,6.848M,6.848M,776.122M
NMR-USD,Numeraire USD,30.07,+5.43,+22.02%,185.472M,70.323M,70.323M,70.323M,6.168M
ACE28674-USD,Fusionist USD,8.3823,-0.9138,-9.83%,184.156M,46.759M,46.759M,46.759M,21.97M
POND-USD,Marlin USD,0.022701,-0.000080,-0.35%,183.589M,9.31M,9.31M,9.31M,8.087B
LSK-USD,Lisk USD,1.3828,+0.0217,+1.59%,178.245M,34.434M,34.434M,34.434M,128.9M
SXP-USD,Solar USD,0.307312,-0.002491,-0.80%,182.248M,8.765M,8.765M,8.765M,593.04M
GAL11877-USD,Galxe USD,1.9025,+0.1103,+6.15%,180.926M,26.056M,26.056M,26.056M,95.098M
VBTC-USD,Venus BTC USD,872.92,-3.23,-0.37%,179.679M,435.062M,435.062M,435.062M,"205,836"
IOST-USD,IOST USD,0.008210,-0.000084,-1.01%,174.994M,4.647M,4.647M,4.647M,21.315B
SFUND-USD,Seedify.fund USD,3.0004,-0.0247,-0.82%,174.033M,7.194M,7.194M,7.194M,58.004M
MAV-USD,Maverick Protocol USD,0.691006,-0.038857,-5.32%,172.752M,19.233M,19.233M,19.233M,250M
AUCTION-USD,Bounce Token USD,26.41,-0.37,-1.39%,171.643M,30.47M,30.47M,30.47M,6.5M
VTHO-USD,VeThor Token USD,0.002338,-0.000015,-0.64%,169.047M,1.726M,1.726M,1.726M,72.311B
USDJ-USD,USDJ USD,1.0923,-0.0033,-0.30%,167.964M,2.439M,2.439M,2.439M,153.777M
JOE-USD,JOE USD,0.463547,-0.004143,-0.89%,167.924M,3.699M,3.699M,3.699M,362.26M
XVS-USD,Venus USD,10.67,-1.20,-10.12%,167.033M,33.634M,33.634M,33.634M,15.658M
XYM-USD,Symbol USD,0.028326,+0.000019,+0.07%,166.054M,"451,768","451,768","451,768",5.862B
ALEX-USD,ALEX Lab USD,0.273741,-0.009608,-3.39%,166.021M,4.758M,4.758M,4.758M,606.49M
EDU24613-USD,Open Campus USD,0.594276,-0.014013,-2.30%,161.754M,4.421M,4.421M,4.421M,272.187M
TRIBE-USD,Tribe USD,0.302070,+0.062334,+26.00%,161.246M,"459,142","459,142","459,142",533.805M
RLC-USD,iExec RLC USD,2.2083,-0.1630,-6.87%,159.844M,67.238M,67.238M,67.238M,72.383M
BABYDOGE-USD,Baby Doge Coin USD,0.00000000,-0.00000000,-0.80%,159.324M,2.111M,2.111M,2.111M,"143,788.796T"
BORG-USD,SwissBorg USD,0.161344,-0.006845,-4.07%,158.82M,"771,709","771,709","771,709",984.355M
C98-USD,Coin98 USD,0.227881,-0.003985,-1.72%,158.378M,6.597M,6.597M,6.597M,695M
GNS-USD,Gains Network USD,5.1878,-0.0729,-1.39%,157.987M,26.784M,26.784M,26.784M,30.454M
CTC-USD,Creditcoin USD,0.490833,-0.006112,-1.23%,154.787M,8.52M,8.52M,8.52M,315.355M
DAO-USD,DAO Maker USD,0.888860,-0.012920,-1.43%,154.667M,2.599M,2.599M,2.599M,174.006M
POWR-USD,Powerledger USD,0.301392,-0.003743,-1.23%,154.426M,4.17M,4.17M,4.17M,512.375M
LUSD-USD,Liquity USD USD,0.999482,+0.001034,+0.10%,151.649M,"172,670","172,670","172,670",151.727M
PYR-USD,Vulcan Forged (PYR) USD,5.5506,-0.0029,-0.05%,150.877M,4.701M,4.701M,4.701M,27.182M
HIVE-USD,Hive USD,0.301174,-0.004667,-1.53%,150.813M,1.206M,1.206M,1.206M,500.749M
ARK-USD,Ark USD,0.843293,-0.005378,-0.63%,150.676M,7.161M,7.161M,7.161M,178.676M
SNT-USD,Status USD,0.038446,-0.000378,-0.97%,148.996M,1.776M,1.776M,1.776M,3.875B
GUSD-USD,Gemini Dollar USD,1.0005,+0.0016,+0.16%,148.333M,"144,779","144,779","144,779",148.252M
AI28846-USD,Sleepless AI USD,1.1402,-0.0490,-4.12%,148.229M,32.326M,32.326M,32.326M,130M
AMP-USD,Amp USD,0.003506,-0.000137,-3.77%,148.038M,10.487M,10.487M,10.487M,42.228B
AIOZ-USD,AIOZ Network USD,0.138201,-0.000051,-0.04%,147.976M,"883,931","883,931","883,931",1.071B
BFIC-USD,Blockchain Foundation for Innovation & Collaboration USD,13.94,-0.28,-2.00%,147.459M,5.231M,5.231M,5.231M,10.578M
XNO-USD,Nano USD,1.0903,-0.0331,-2.95%,145.283M,1.595M,1.595M,1.595M,133.248M
GMT10180-USD,Gomining USD,0.357215,-0.012155,-3.29%,143.473M,1.732M,1.732M,1.732M,401.643M
BORA-USD,BORA USD,0.142078,-0.001325,-0.92%,141.19M,1.282M,1.282M,1.282M,993.75M
FLEX-USD,FLEX USD,1.4161,-0.3885,-21.53%,139.716M,"144,797","144,797","144,797",98.665M
ALPH-USD,Alephium USD,1.9523,+0.1399,+7.72%,135.602M,1.394M,1.394M,1.394M,69.458M
STRAX-USD,Stratis USD,0.855178,-0.011519,-1.33%,134.6M,4.32M,4.32M,4.32M,157.395M
EURS-USD,STASIS EURO USD,1.0828,+0.0051,+0.47%,134.4M,"6,267","6,267","6,267",124.126M
TET-USD,Tectum USD,26.77,-0.07,-0.27%,133.377M,2.235M,2.235M,2.235M,4.982M
VVS-USD,VVS Finance USD,0.00000303,-0.00000005,-1.65%,133.737M,3.014M,3.014M,3.014M,44.206T
PEOPLE-USD,ConstitutionDAO USD,0.026044,+0.000556,+2.18%,131.785M,26.399M,26.399M,26.399M,5.06B
POLY-USD,Polymath USD,0.142183,-0.003664,-2.51%,131.519M,"19,709","19,709","19,709",924.998M
ACH-USD,Alchemy Pay USD,0.018040,-0.000380,-2.06%,131.258M,5.092M,5.092M,5.092M,7.276B
NYM-USD,NYM USD,0.190082,-0.001564,-0.82%,130.681M,1.823M,1.823M,1.823M,687.497M
BIGTIME-USD,Big Time USD,0.324422,-0.010049,-3.00%,129.24M,13.517M,13.517M,13.517M,398.37M
TRIAS-USD,Trias Token (New) USD,13.30,-0.46,-3.33%,129.027M,1.544M,1.544M,1.544M,9.704M
ID21846-USD,SPACE ID USD,0.275614,-0.005950,-2.11%,128.779M,7.964M,7.964M,7.964M,467.245M
BLZ-USD,Bluzelle USD,0.299504,-0.004249,-1.40%,127.74M,4.765M,4.765M,4.765M,426.504M
BONE11865-USD,Bone ShibaSwap USD,0.553456,+0.008349,+1.53%,127.252M,4.655M,4.655M,4.655M,229.923M
NFP28778-USD,NFPrompt USD,0.508432,-0.009486,-1.83%,127.108M,12.321M,12.321M,12.321M,250M
SYN12147-USD,Synapse USD,0.687114,-0.040028,-5.50%,126.823M,6.073M,6.073M,6.073M,184.574M
YGG-USD,Yield Guild Games USD,0.424711,-0.013397,-3.06%,126.707M,16.186M,16.186M,16.186M,298.337M
CQT-USD,Covalent USD,0.202704,-0.009126,-4.31%,126.7M,1.38M,1.38M,1.38M,625.051M
RDNT-USD,Radiant Capital USD,0.283091,-0.002582,-0.90%,126.623M,12.4M,12.4M,12.4M,447.287M
RIF-USD,Rootstock Infrastructure Framework USD,0.126312,-0.001697,-1.33%,126.312M,1.518M,1.518M,1.518M,1B
DGB-USD,DigiByte USD,0.007438,-0.000100,-1.32%,124.999M,1.83M,1.83M,1.83M,16.805B
POLYX-USD,Polymesh USD,0.151565,-0.002030,-1.32%,123.424M,2.593M,2.593M,2.593M,814.329M
HONEY22850-USD,Hivemapper USD,0.184532,+0.023673,+14.72%,122.802M,3.221M,3.221M,3.221M,665.479M
SLP-USD,Smooth Love Potion USD,0.002944,-0.000002,-0.08%,121.759M,8.417M,8.417M,8.417M,41.352B
PROM-USD,Prom USD,6.5951,-0.1409,-2.09%,120.361M,1.928M,1.928M,1.928M,18.25M
LQTY-USD,Liquity USD,1.2635,-0.0158,-1.24%,120.056M,9.363M,9.363M,9.363M,95.021M
DFI-USD,DeFiChain USD,0.140517,-0.006814,-4.63%,119.864M,2.72M,2.72M,2.72M,853.019M
CYBER24781-USD,CyberConnect USD,6.9088,-0.0816,-1.17%,119.824M,15.505M,15.505M,15.505M,17.344M
KEEP-USD,Keep Network USD,0.125933,+0.007231,+6.09%,119.767M,"8,345","8,345","8,345",951.038M
CTXC-USD,Cortex USD,0.545295,+0.029003,+5.62%,119.114M,20.752M,20.752M,20.752M,218.439M
CELR-USD,Celer Network USD,0.016233,-0.000251,-1.52%,118.397M,2.103M,2.103M,2.103M,7.293B
RBTC-USD,Rootstock Smart Bitcoin USD,"42,767.37",-123.91,-0.29%,118.173M,"194,342","194,342","194,342","2,763"
OM-USD,MANTRA USD,0.148660,+0.000150,+0.10%,117.926M,114.532M,114.532M,114.532M,793.258M
DUSK-USD,Dusk USD,0.277159,-0.001905,-0.68%,116.729M,25.495M,25.495M,25.495M,421.164M
EVER-USD,Everscale USD,0.059477,+0.000287,+0.49%,115.277M,"180,031","180,031","180,031",1.938B
ZEN-USD,Horizen USD,7.8618,-0.0646,-0.81%,115.04M,3.851M,3.851M,3.851M,14.633M
ONG3217-USD,Ontology Gas USD,0.303258,-0.000847,-0.28%,112.211M,1.91M,1.91M,1.91M,370.018M
VUSDC-USD,Venus USDC USD,0.023105,+0.000007,+0.03%,110.232M,104.217M,104.217M,104.217M,4.771B
RSR-USD,Reserve Rights USD,0.002170,-0.000028,-1.29%,109.82M,3.007M,3.007M,3.007M,50.6B
TRAC25208-USD,trac (Ordinals) USD,5.2168,-0.3858,-6.89%,109.553M,"858,983","858,983","858,983",21M
DKA-USD,dKargo USD,0.029976,-0.000398,-1.31%,109.524M,"619,665","619,665","619,665",3.654B
ORBS-USD,Orbs USD,0.033905,-0.000284,-0.83%,107.4M,2.69M,2.69M,2.69M,3.168B
PUNDIX-USD,Pundi X (New) USD,0.406476,-0.005542,-1.35%,105.071M,"884,940","884,940","884,940",258.492M
STG18934-USD,Stargate Finance USD,0.512184,-0.006795,-1.31%,104.659M,9.157M,9.157M,9.157M,204.338M
NAKA-USD,Nakamoto Games USD,1.3002,+0.0120,+0.93%,104.62M,7.86M,7.86M,7.86M,80.464M
DEXE-USD,DeXe USD,2.8625,-0.0271,-0.94%,104.481M,1.228M,1.228M,1.228M,36.5M
HFT22461-USD,Hashflow USD,0.305080,-0.003232,-1.05%,103.428M,7.58M,7.58M,7.58M,339.018M
VR-USD,Victoria VR USD,0.036782,-0.002388,-6.10%,103.258M,1.87M,1.87M,1.87M,2.807B
SURE-USD,inSure DeFi USD,0.003831,+0.000002,+0.06%,102.636M,"209,744","209,744","209,744",26.79B
STPT-USD,STP USD,0.052685,-0.000510,-0.96%,102.337M,2.679M,2.679M,2.679M,1.942B
MLK-USD,MiL.k USD,0.303167,+0.003297,+1.10%,102.336M,3.522M,3.522M,3.522M,337.557M
LOOM-USD,Loom Network USD,0.083497,-0.000704,-0.84%,101.818M,4.573M,4.573M,4.573M,1.219B
GAFI-USD,GameFi.org USD,9.2726,-0.5107,-5.22%,101.49M,"108,021","108,021","108,021",10.945M
MUBI-USD,Multibit USD,0.106701,-0.006504,-5.75%,101.366M,13.507M,13.507M,13.507M,950M
PLA7461-USD,PlayDapp USD,0.175332,-0.002469,-1.39%,101.237M,2.429M,2.429M,2.429M,577.401M
HOOK-USD,Hooked Protocol USD,0.817375,-0.023704,-2.82%,101.162M,4.353M,4.353M,4.353M,123.765M
TEL-USD,Telcoin USD,0.001162,+0.000005,+0.39%,100.073M,"317,511","317,511","317,511",86.149B
USDX6651-USD,USDX [Kava] USD,0.895108,-0.001669,-0.19%,99.865M,"294,094","294,094","294,094",111.567M
BUSD-USD,BUSD USD,0.999759,+0.000107,+0.01%,99.407M,27.753M,27.753M,27.753M,99.431M
SCRT-USD,Secret USD,0.366011,-0.019844,-5.14%,99.319M,2.047M,2.047M,2.047M,271.355M
KNC-USD,Kyber Network Crystal v2 USD,0.583679,-0.015999,-2.67%,99.315M,6.81M,6.81M,6.81M,170.153M
OXT-USD,Orchid USD,0.100426,+0.001631,+1.65%,98.395M,3.425M,3.425M,3.425M,979.779M
HELLO-USD,HELLO Labs USD,0.155997,-0.004532,-2.82%,98.36M,3.956M,3.956M,3.956M,630.524M
DORA27966-USD,Dora Factory USD,0.181149,-0.003689,-2.00%,97.327M,"217,307","217,307","217,307",537.277M
DENT-USD,Dent USD,0.000979,-0.000021,-2.08%,97.931M,2.495M,2.495M,2.495M,100B
ULTIMA-USD,Ultima USD,"6,376.93",-450.93,-6.60%,97.816M,2.327M,2.327M,2.327M,"15,339"
STEEM-USD,Steem USD,0.214489,-0.001342,-0.62%,97.564M,1.091M,1.091M,1.091M,454.869M
TOMI23246-USD,tomiNet USD,1.0898,-0.0263,-2.36%,97.194M,16.581M,16.581M,16.581M,89.188M
VETH-USD,Venus ETH USD,47.43,-0.10,-0.22%,96.47M,93.564M,93.564M,93.564M,2.034M
BNX23635-USD,BinaryX USD,0.282048,-0.002132,-0.75%,95.64M,2.462M,2.462M,2.462M,339.092M
GOG-USD,Guild of Guardians USD,0.182520,+0.033423,+22.42%,95.566M,"650,448","650,448","650,448",523.591M
DIMO-USD,DIMO USD,0.471020,+0.006557,+1.41%,95.309M,"539,630","539,630","539,630",202.345M
MTL-USD,Metal DAO USD,1.4214,-0.0180,-1.25%,94.647M,3.112M,3.112M,3.112M,66.589M
0X0-USD,0x0.ai USD,0.108641,+0.000628,+0.58%,94.362M,"501,518","501,518","501,518",868.563M
MVL-USD,MVL USD,0.003872,+0.000020,+0.52%,94.286M,1.158M,1.158M,1.158M,24.353B
BNT-USD,Bancor USD,0.705665,-0.011951,-1.67%,94.131M,3.501M,3.501M,3.501M,133.393M
AURORA14803-USD,Aurora USD,0.225842,-0.001161,-0.51%,93.791M,"692,945","692,945","692,945",415.298M
RAD-USD,Radworks USD,1.8037,-0.0389,-2.11%,92.99M,5.032M,5.032M,5.032M,51.556M
BAKE-USD,BakeryToken USD,0.318948,-0.003058,-0.95%,92.422M,11.448M,11.448M,11.448M,289.771M
DODO-USD,DODO USD,0.149429,-0.003304,-2.16%,91.842M,3.783M,3.783M,3.783M,614.618M
OGN-USD,Origin Protocol USD,0.159618,-0.001732,-1.07%,91.303M,8.339M,8.339M,8.339M,572.009M
WIN-USD,WINkLink USD,0.000095,+0.000001,+1.02%,91.179M,16.836M,16.836M,16.836M,961.737B
NXRA-USD,AllianceBlock Nexera USD,0.118314,+0.000346,+0.29%,90.866M,"416,751","416,751","416,751",768.011M
CVC-USD,Civic USD,0.090341,-0.000700,-0.77%,90.341M,2.601M,2.601M,2.601M,1B
AGLD-USD,Adventure Gold USD,1.1660,+0.0199,+1.74%,90.11M,5.329M,5.329M,5.329M,77.28M
SDEX-USD,SmarDex USD,0.013065,-0.000036,-0.27%,90.083M,"730,811","730,811","730,811",6.895B
TON-USD,Tokamak Network USD,2.0182,+0.0049,+0.25%,88.483M,"917,070","917,070","917,070",43.841M
UQC-USD,Uquid Coin USD,8.8214,+1.2783,+16.95%,88.214M,1.056M,1.056M,1.056M,10M
OMG-USD,OMG Network USD,0.627422,-0.009389,-1.47%,87.993M,8.147M,8.147M,8.147M,140.245M
MED-USD,MediBloc USD,0.010590,+0.000105,+1.01%,87.746M,"338,684","338,684","338,684",8.286B
PAAL-USD,PAAL AI USD,0.112362,-0.004659,-3.98%,87.604M,1.531M,1.531M,1.531M,779.663M
ERG-USD,Ergo USD,1.1928,+0.0154,+1.31%,87.252M,"210,236","210,236","210,236",73.151M
GF15585-USD,GuildFi USD,0.161555,+0.001600,+1.00%,86.843M,1.077M,1.077M,1.077M,537.542M
WILD-USD,Wilder World USD,0.331349,-0.007788,-2.30%,86.48M,"499,246","499,246","499,246",260.994M
IQ-USD,IQ USD,0.004835,-0.000069,-1.41%,85.476M,1.071M,1.071M,1.071M,17.679B
SYS-USD,Syscoin USD,0.115534,-0.006352,-5.21%,85.012M,1.365M,1.365M,1.365M,735.82M
BFC7817-USD,Bifrost USD,0.060815,-0.000260,-0.43%,84.328M,"487,854","487,854","487,854",1.387B
COTI-USD,COTI USD,0.055340,-0.000845,-1.50%,83.935M,3.592M,3.592M,3.592M,1.517B
ELON-USD,Dogelon Mars USD,0.00000015,-0.00000000,-1.08%,83.655M,7.708M,7.708M,7.708M,549.653T
ARDR-USD,Ardor USD,0.083676,-0.000387,-0.46%,83.592M,1.423M,1.423M,1.423M,998.999M
XPLA-USD,XPLA USD,0.191863,+0.009265,+5.07%,83.462M,3.556M,3.556M,3.556M,435.007M
ORAI-USD,Oraichain USD,6.5680,-0.0050,-0.08%,83.454M,"651,981","651,981","651,981",12.706M
CTK4807-USD,Shentu USD,0.639599,-0.007603,-1.17%,83.452M,1.925M,1.925M,1.925M,130.475M
REQ-USD,Request USD,0.082542,-0.000916,-1.10%,82.514M,1.216M,1.216M,1.216M,999.665M
VRSC-USD,VerusCoin USD,1.0892,-0.0090,-0.82%,82.137M,"5,232","5,232","5,232",75.412M
GEL-USD,Gelato USD,0.739977,-0.017924,-2.36%,81.362M,"404,567","404,567","404,567",109.952M
POL28321-USD,Polygon Ecosystem Token USD,0.784723,-0.003107,-0.39%,81.204M,"130,497","130,497","130,497",103.481M
POLIS11213-USD,Star Atlas DAO USD,0.332125,+0.004940,+1.51%,81.144M,"610,342","610,342","610,342",244.318M
MRS21178-USD,Metars Genesis USD,1.2866,-0.0058,-0.45%,80.862M,"55,784","55,784","55,784",62.85M
WMT-USD,World Mobile Token USD,0.163292,-0.003445,-2.07%,80.313M,1.692M,1.692M,1.692M,491.839M
ALPHA-USD,Stella USD,0.094780,-0.001517,-1.58%,80.184M,2.087M,2.087M,2.087M,846M
GODS-USD,Gods Unchained USD,0.293397,-0.007807,-2.59%,79.992M,"761,923","761,923","761,923",272.639M
FLIX-USD,OmniFlix Network USD,0.317766,-0.019976,-5.91%,79.682M,"62,981","62,981","62,981",250.759M
SNEK25264-USD,Snek USD,0.001085,+0.000013,+1.17%,79.451M,1.209M,1.209M,1.209M,73.235B
MYRO-USD,Myro USD,0.083975,+0.032005,+61.58%,79.29M,78.955M,78.955M,78.955M,944.204M
NKN-USD,NKN USD,0.105052,-0.001302,-1.22%,79.297M,2.508M,2.508M,2.508M,754.831M
MYRIA22289-USD,Myria USD,0.007854,+0.000156,+2.03%,79.011M,2.278M,2.278M,2.278M,10.06B
